PDB ID,UniProt Entry Name,主要リガンド / コード,含まれるチェーン,解像度 (Å),構造の分類と、研究における詳細な補足情報
1IEP,ABL1_MOUSE,イマチニブ (STI),A,2.10,【第1世代薬：歴史的原点】 DFG-out。2001年登録。イマチニブが「不活性型」のキナーゼポケットを特異的にハックする仕組みを証明した記念碑的構造。
2FO0,ABL1_HUMAN,なし (Apo状態),A,2.27,【自律阻害：フルコアの代表】 DFG-in様。キナーゼドメインの背後をSH3・SH2ドメインが万力のように挟み込み、活性を完全に眠らせている正常ブレーキ状態の最高リファレンス。
2HYY,ABL1_HUMAN,イマチニブ (STI),A/B,2.40,【第1世代薬：グローバル標準】 DFG-out。純ヒト由来のAblドメイン。世界中の創薬ラボで、新しい阻害薬を設計・比較する際の「絶対的ベンチマーク」。
2GQG,ABL1_HUMAN,ダサチニブ (BMS),A,1.80,【新規追加：第2世代活性型標準】 DFG-in。1.80Åの高解像度。柔軟な活性型コンフォメーションに深く滑り込むダサチニブの結合特性を示す極めてクオリティの高い構造。
2V7A,ABL1_HUMAN,トザセルチブ (680),A/B,2.30,【T315I変異型の最初期構造】 DFG-in。世界で初めて「T315Iゲートキーパー変異型Abl」の結晶化に成功した歴史的エントリー。耐性克服研究の金字塔。
3IK3,ABL1_MOUSE,ポナチニブ (011),A,1.90,【第3世代薬：耐性克服】 DFG-out。最強薬ポナチニブの野生型複合体。特徴的な「直線状の三重結合」が、T315I変異の嵩高い側鎖を物理的に回避するロジックを証明。
3K5V,ABL1_MOUSE,イマチニブ (STI) / GNF-2 (GNF),A,1.74,【ATP＋アロステリック同時結合】 DFG-out。ATPポケット（STI）と、お尻側のミリストイルポケット（GNF-2）の両方を同時に塞いだ非常に解像度の高いハイブリッド複合体。
3UE4,ABL1_HUMAN,ボスチニブ (DB8),A,2.40,【第2世代薬：親和性検証】 DFG-in。ボスチニブ複合体。市販の研究用試薬に「異性体が混入していた問題」を、結晶の電子密度から見破ったことで有名なドラマの主役。
4TWP,ABL1_HUMAN,アキシチニブ (AXI),A,2.40,【ドラッグ・リポジショニング】 DFG-in。腎がん治療薬アキシチニブが、CML最強のT315I変異の隙間を完璧にすり抜けて深く結合する特殊な結合ロジックを証明。
4WA9,ABL1_HUMAN,なし (Apo状態),A,1.77 Bey,Apo状態（薬剤未結合）の野生型キナーゼドメイン。1.77Åという極めてクリアな電子密度を持ち、ドッキングシミュレーションの初期グリッド作成に最も推奨される構造。
4XEY,ABL1_HUMAN,なし (Apo状態),A,2.89,【SH2-キナーゼ中間配列】 DFG-in様。SH2ドメインとキナーゼの間にある「リンカー（接合部）」が、全体の配置をどう柔軟に制御しているかを示した貴重な中間構造。
5MO4,ABL1_HUMAN,アシミニブ (78E) / ニロチニブ (NIL),A/B,2.17,【最新臨床：表裏挟み撃ち】 DFG-out。アロステリック阻害薬アシミニブ（セムブリックス）とATP競合薬ニロチニブが、単一のキナーゼに同時結合して完全ロックしている最重要臨床モデル。
6NPV,ABL1_HUMAN,アシミニブ (78E),A,1.86,【アロステリック単剤結合】 DFG-in。前回の補足（Apo）は誤りで、正しくはアシミニブ（78E）がミリストイルポケット単独に刺さり、キナーゼドメインの形状を歪ませて不活化させている高精度構造。
7N9G,ABL1_HUMAN,ダサチニブ (1S1) / イマチニブ (STI),A,2.20,【長鎖Abl 1b複合体】 DFG-in。本来ATP阻害薬であるイマチニブが、長鎖（1b構造）の環境下において「ミリストイルポケット側」にも潜り込むという、薬物の特殊な多面性を捉えた構造。
8SSN,ABL1_HUMAN,アシミニブ (78E) / ATP阻害薬 (V5P),A/B,2.86,【最新・次世代ハイブリッド】 DFG-out。表（新規ATP阻害薬）と裏（アロステリック）を同時に100%遮断する、現代の多剤耐性克服トレンドを反映した最新構造。
